roi,g,lower,upper
Secondary auditory cortex: ventral area,-0.4184499575107656,-0.7897665766843676,-0.04533779719551186
Dorsolateral entorhinal cortex,-0.482668027404859,-0.8551578546831295,-0.10812010101710012
Ectorhinal cortex,-0.5357495877758347,-0.9093478209114867,-0.15988095692223034
Perirhinal cortex,-0.5330059169599398,-0.9065438536543049,-0.15720850237392592
Temporal association area,-0.623876366026525,-0.9995884668157772,-0.24555079218201276
cuneate nucleus,-0.5298012715770487,-0.9032691759379089,-0.1540865787765741
copula: pyramis (lobule 8),-0.47954113268979387,-0.8519696160406269,-0.10506719944413065
subependymale zone / rhinocele,0.4206291924561328,0.047470987097394224,0.7919823109331334
CA20r,-0.3814444253559034,-0.7521682556521644,-0.009077706905859883
