roi,g,lower,upper
Cingulate cortex: area 24a,-0.24837977527098537,-0.4826142113338863,-0.01373024254856944
Claustrum,-0.29561899909851047,-0.5301684956714865,-0.060576826751042964
paramedian lobule (lobule 7),-0.2898567939567157,-0.5243646291035194,-0.0548657468070784
