roi,g,lower,upper
olfactory peduncle,0.3520531842784838,0.013261064393927956,0.6897857133620758
Dorsal tenia tecta,-0.4802820388732436,-0.8196688840359557,-0.13946457210148858
Primary somatosensory cortex: dysgranular zone,-0.47808821226304327,-0.8174419744341803,-0.13730997298175276
pre-para subiculum,-0.3571697583709796,-0.6949576151057666,-0.018307445536801848
Primary visual cortex: binocular area,0.35301654945294036,0.014211285619204237,0.6907593765655625
Ventral nucleus of the endopiriform claustrum,0.38076886575787144,0.041571153139525974,0.7188228789728638
MoDG,-0.3686551564370057,-0.7065701254934298,-0.029631950612832903
GrDG,-0.4686369770956056,-0.8078503784048666,-0.12802606164827213
subiculum,0.3645428139268714,0.025577685147243765,0.7024117449231885
